name,birthday,email,gender,age,cities
Katherine Mason,10/17/2004,zasewgib@zowo.sz,Female,18,cities
Estelle Weber,6/25/1984,ujmosep@noscolzuh.ax,Female,46,cities
Julia Ortiz,5/17/1981,vi@su.bb,Male,28,cities
John Castillo,8/29/1985,luv@iw.dz,Female,18,cities
Maude Wells,1/11/1958,umoezpu@ezzab.hn,Male,53,cities
Luella Berry,3/3/1969,zi@gineih.do,Female,63,cities
Vernon Moss,1/5/1959,nuhev@owfosbo.sc,Male,19,cities
Edna Fox,6/2/1960,miseb@wuso.pw,Female,21,cities
Elijah Taylor,12/18/1977,tat@puturlu.hn,Female,27,cities
Sarah Jenkins,10/7/1990,fah@dughosfu.sn,Male,43,cities
Dylan Roberts,11/18/1998,taswubat@ti.hm,Male,49,cities
Corey Love,10/4/1977,rujuve@ig.nc,Female,65,cities
Ernest Sanders,6/28/1962,van@wazsi.km,Female,45,cities
Luis Goodman,9/13/1978,acug@moafuz.na,Male,61,cities
Duane Burke,6/26/1985,na@hafbud.kp,Female,48,cities
Harriet Glover,7/14/1984,noohcow@okasaani.gt,Male,65,cities
Norman Hammond,9/15/1973,laplu@go.no,Female,62,cities
Evelyn Santiago,9/19/1975,casot@uhgavgi.bt,Female,37,cities
Ruth Higgins,5/11/1997,asaadet@ladcej.se,Female,47,cities
Eddie Salazar,1/15/2003,av@lin.at,Male,33,cities
